<?xml version="1.0" encoding="UTF-8"?>
<project-private xmlns="http://www.netbeans.org/ns/project-private/1">
    <editor-bookmarks xmlns="http://www.netbeans.org/ns/editor-bookmarks/2" lastBookmarkId="0"/>
    <open-files xmlns="http://www.netbeans.org/ns/projectui-open-files/2">
        <group name="Actividad 2">
            <file>file:/C:/Users/eapontet/Documents/NetBeansProjects/ActivityHTML/Gruntfile.js</file>
            <file>file:/C:/Users/eapontet/Documents/NetBeansProjects/ActivityHTML/.bowerrc</file>
            <file>file:/C:/Users/eapontet/Documents/NetBeansProjects/ActivityHTML/public_html/index.html</file>
            <file>file:/C:/Users/eapontet/Documents/NetBeansProjects/ActivityHTML/package.json</file>
            <file>file:/C:/Users/eapontet/Documents/NetBeansProjects/ActivityHTML/gulpfile.js</file>
            <file>file:/C:/Users/eapontet/Documents/NetBeansProjects/ActivityHTML/bower.json</file>
        </group>
    </open-files>
</project-private>
